titulo,id,url,visto
"¡Despierta, Carlo!",81093985,"https://www.netflix.com/watch/81093985",1
"¡Hoy sí!",81011712,"https://www.netflix.com/watch/81011712",
"¡Tierra, trágame!",81194153,"https://www.netflix.com/watch/81194153",
"¿Hola? Soy yo",81323200,"https://www.netflix.com/watch/81323200",
"¿Qué pasó ayer? Parte II",70167070,"https://www.netflix.com/watch/70167070",
"1408 (versión cinematográfica)",70058020,"https://www.netflix.com/watch/70058020",1
"1922",80135164,"https://www.netflix.com/watch/80135164",
"21: Blackjack",70084788,"https://www.netflix.com/watch/70084788",
"28 días paranormales",81397887,"https://www.netflix.com/watch/81397887",
"A Korean Odyssey",80214405,"https://www.netflix.com/watch/80214405",
"A la caza de espíritus malignos",81323551,"https://www.netflix.com/watch/81323551",
"A todos los chicos de los que me enamoré",80203147,"https://www.netflix.com/watch/80203147",
"A.I.C.O.",80161848,"https://www.netflix.com/watch/80161848",
"Abajo los ricos: La saga GameStop",81424332,"https://www.netflix.com/watch/81424332",
"Abyss",81087762,"https://www.netflix.com/watch/81087762",
"Adam by Eve: Un concierto animado",81450005,"https://www.netflix.com/watch/81450005",
"Adiós, Tierra",81078585,"https://www.netflix.com/watch/81078585",
"Agentes del misterio",81731720,"https://www.netflix.com/watch/81731720",
"Aggretsuko",80198505,"https://www.netflix.com/watch/80198505",
"Al mando de tu economía",81312877,"https://www.netflix.com/watch/81312877",
"Al norte del norte",81616012,"https://www.netflix.com/watch/81616012",
"Alerta roja",81161626,"https://www.netflix.com/watch/81161626",
"Alquiler de padrinos",80013275,"https://www.netflix.com/watch/80013275",
"Amor en la puerta de al lado",81739044,"https://www.netflix.com/watch/81739044",
"Aniquilación",80206300,"https://www.netflix.com/watch/80206300",
"Anomalías",81340251,"https://www.netflix.com/watch/81340251",
"Anon",80195964,"https://www.netflix.com/watch/80195964",
"Anónima",81332722,"https://www.netflix.com/watch/81332722",
"APARI3NCIAS",81177634,"https://www.netflix.com/watch/81177634",
"Arrested Development",70140358,"https://www.netflix.com/watch/70140358",
"Aterrizaje de emergencia en tu corazón",81159258,"https://www.netflix.com/watch/81159258",
"Back Street Girls -GOKUDOLS-",80996957,"https://www.netflix.com/watch/80996957",
"Baile caliente",445386,"https://www.netflix.com/watch/445386",
"Bajo la sombra",80096786,"https://www.netflix.com/watch/80096786",
"Barrenderos espaciales",81094067,"https://www.netflix.com/watch/81094067",
"Barry",80144803,"https://www.netflix.com/watch/80144803",
"Bee y PuppyCat",81245457,"https://www.netflix.com/watch/81245457",
"Belascoarán",81354865,"https://www.netflix.com/watch/81354865",
"Bert Kreischer: Secret Time",80238360,"https://www.netflix.com/watch/80238360",
"Bienvenidos a Edén",81211710,"https://www.netflix.com/watch/81211710",
"Bienvenidos a Waikiki",81029926,"https://www.netflix.com/watch/81029926",
"Biohackers",81011660,"https://www.netflix.com/watch/81011660",
"Bird Box: A ciegas",80196789,"https://www.netflix.com/watch/80196789",
"Black Mirror",70264888,"https://www.netflix.com/watch/70264888",
"Blazing Transfer Students",80175822,"https://www.netflix.com/watch/80175822",
"Boys Over Flowers",70213130,"https://www.netflix.com/watch/70213130",
"Buenas noches, mundo",81340213,"https://www.netflix.com/watch/81340213",
"Bulbbul",81029150,"https://www.netflix.com/watch/81029150",
"Burbujas",81345945,"https://www.netflix.com/watch/81345945",
"Café Minamdang",81568217,"https://www.netflix.com/watch/81568217",
"Caminando entre las tumbas",80007406,"https://www.netflix.com/watch/80007406",
"Campamento en el fin del mundo",80218306,"https://www.netflix.com/watch/80218306",
"Capitán Fall",81095190,"https://www.netflix.com/watch/81095190",
"Carol y el fin del mundo",81044590,"https://www.netflix.com/watch/81044590",
"CAROLE & TUESDAY",80992137,"https://www.netflix.com/watch/80992137",
"Caso 39",70102778,"https://www.netflix.com/watch/70102778",
"Cassandra",81621534,"https://www.netflix.com/watch/81621534",
"Celebridad",81361096,"https://www.netflix.com/watch/81361096",
"Cenicienta y los cuatro caballeros",80188605,"https://www.netflix.com/watch/80188605",
"Cenizas del pasado",81511743,"https://www.netflix.com/watch/81511743",
"Chandramukhi 2 (Hindi)",81683124,"https://www.netflix.com/watch/81683124",
"Chicas pesadas",60034551,"https://www.netflix.com/watch/60034551",
"Children of the Whales",80174917,"https://www.netflix.com/watch/80174917",
"City Hunter",81454087,"https://www.netflix.com/watch/81454087",
"Colateral: Lugar y tiempo equivocado",60036246,"https://www.netflix.com/watch/60036246",
"Comer, rezar, amar",70130445,"https://www.netflix.com/watch/70130445",
"Cómo hacerse ricos",81410436,"https://www.netflix.com/watch/81410436",
"Cómo vivir contigo mismo",80178724,"https://www.netflix.com/watch/80178724",
"Control Z",81021245,"https://www.netflix.com/watch/81021245",
"Cowboy Bebop",80207033,"https://www.netflix.com/watch/80207033",
"Criptoboy",81488972,"https://www.netflix.com/watch/81488972",
"Cuenta regresiva: Misión espacial Inspiration4",81441273,"https://www.netflix.com/watch/81441273",
"DAN DA DAN",81736884,"https://www.netflix.com/watch/81736884",
"Dave Chappelle: Sticks & Stones",81140577,"https://www.netflix.com/watch/81140577",
"Daybreak",80197462,"https://www.netflix.com/watch/80197462",
"De yakuza a amo de casa",81261669,"https://www.netflix.com/watch/81261669",
"Death Note",80122759,"https://www.netflix.com/watch/80122759",
"Demon Slayer: Kimetsu no Yaiba",81091393,"https://www.netflix.com/watch/81091393",
"Descenso: El caso contra Boeing",81272421,"https://www.netflix.com/watch/81272421",
"Detective Conan: Hanzawa el Culpable",81313291,"https://www.netflix.com/watch/81313291",
"Dirty Money",80118100,"https://www.netflix.com/watch/80118100",
"Disomnia",81040362,"https://www.netflix.com/watch/81040362",
"División Palermo",81520490,"https://www.netflix.com/watch/81520490",
"Dos completos desconocidos",81447229,"https://www.netflix.com/watch/81447229",
"Dos tipos peligrosos",80049284,"https://www.netflix.com/watch/80049284",
"Drácula: Mar de sangre",81672084,"https://www.netflix.com/watch/81672084",
"Dude: Así es la vida",80192186,"https://www.netflix.com/watch/80192186",
"El amanecer de los muertos",60033340,"https://www.netflix.com/watch/60033340",
"El amor es un capítulo aparte",81045349,"https://www.netflix.com/watch/81045349",
"El año en que empecé a masturbarme",81435370,"https://www.netflix.com/watch/81435370",
"El arte del espionaje",81014547,"https://www.netflix.com/watch/81014547",
"El ascenso",80194671,"https://www.netflix.com/watch/80194671",
"El asesino mediático",81461539,"https://www.netflix.com/watch/81461539",
"El astronauta",81301595,"https://www.netflix.com/watch/81301595",
"El bizarro hostal de Kian84",81902047,"https://www.netflix.com/watch/81902047",
"El bosque sangriento: La serie",80233251,"https://www.netflix.com/watch/80233251",
"El camino hacia El Dorado",60000171,"https://www.netflix.com/watch/60000171",
"El Camino: Una película de Breaking Bad",81078819,"https://www.netflix.com/watch/81078819",
"El clímax del millón: La historia de Pornhub",81406118,"https://www.netflix.com/watch/81406118",
"El club de la medianoche",81112336,"https://www.netflix.com/watch/81112336",
"El código de la discordia",81074012,"https://www.netflix.com/watch/81074012",
"El diablo en Ohio",81029704,"https://www.netflix.com/watch/81029704",
"El dilema de las redes sociales",81254224,"https://www.netflix.com/watch/81254224",
"El ejército de los ladrones",81185548,"https://www.netflix.com/watch/81185548",
"El ejército de los muertos",81046394,"https://www.netflix.com/watch/81046394",
"El Eternauta",80216888,"https://www.netflix.com/watch/80216888",
"El experimento fantasma",81306156,"https://www.netflix.com/watch/81306156",
"El Guau",81205652,"https://www.netflix.com/watch/81205652",
"El hombre más odiado de internet",81387065,"https://www.netflix.com/watch/81387065",
"El hoyo",81128579,"https://www.netflix.com/watch/81128579",
"El juego de la fortuna",70201437,"https://www.netflix.com/watch/70201437",
"El juego de las víctimas",81227121,"https://www.netflix.com/watch/81227121",
"El juego del calamar",81040344,"https://www.netflix.com/watch/81040344",
"El laberinto 2",81243747,"https://www.netflix.com/watch/81243747",
"El mañana y yo",81522263,"https://www.netflix.com/watch/81522263",
"El místico bar efímero",81264882,"https://www.netflix.com/watch/81264882",
"El mito de Sísifo",81397558,"https://www.netflix.com/watch/81397558",
"El monstruo de la vieja Seúl",81618079,"https://www.netflix.com/watch/81618079",
"El naufragio de una diva",81701128,"https://www.netflix.com/watch/81701128",
"El niño y la garza",81725555,"https://www.netflix.com/watch/81725555",
"El núcleo",60024918,"https://www.netflix.com/watch/60024918",
"El problema de los 3 cuerpos",81024821,"https://www.netflix.com/watch/81024821",
"El puente maldito",81224632,"https://www.netflix.com/watch/81224632",
"El recuerdo de Marnie",80036398,"https://www.netflix.com/watch/80036398",
"El Rey, Vicente Fernández",81152939,"https://www.netflix.com/watch/81152939",
"El rey: Eterno monarca",81260283,"https://www.netflix.com/watch/81260283",
"El show de las bromas mágicas con Justin Willman",81428709,"https://www.netflix.com/watch/81428709",
"El Sr. Plancton",81506124,"https://www.netflix.com/watch/81506124",
"El teléfono",81342505,"https://www.netflix.com/watch/81342505",
"El verano en que Hikaru murió",81948057,"https://www.netflix.com/watch/81948057",
"En la mente criminal",80185065,"https://www.netflix.com/watch/80185065",
"En la mente de un perro",81681888,"https://www.netflix.com/watch/81681888",
"Enola Holmes",81277950,"https://www.netflix.com/watch/81277950",
"Enola Holmes 2",81406219,"https://www.netflix.com/watch/81406219",
"Equipaje de mano",81476963,"https://www.netflix.com/watch/81476963",
"Esa sonrisa tuya",81566868,"https://www.netflix.com/watch/81566868",
"Escuadrón 6",81001887,"https://www.netflix.com/watch/81001887",
"Espectros",80209651,"https://www.netflix.com/watch/80209651",
"Esposa a tiempo completo",81410833,"https://www.netflix.com/watch/81410833",
"Está bien no estar bien",81243992,"https://www.netflix.com/watch/81243992",
"Está detrás de ti",80013607,"https://www.netflix.com/watch/80013607",
"Estación zombie: Tren a Busan",80117824,"https://www.netflix.com/watch/80117824",1
"Estado eléctrico",81601562,"https://www.netflix.com/watch/81601562",
"Extinción",80236421,"https://www.netflix.com/watch/80236421",
"Extracurricular",80990668,"https://www.netflix.com/watch/80990668",
"Fachadas",81557196,"https://www.netflix.com/watch/81557196",
"Familia revuelta",81305096,"https://www.netflix.com/watch/81305096",
"Felicidad intensa",81520295,"https://www.netflix.com/watch/81520295",
"FUBAR",81397077,"https://www.netflix.com/watch/81397077",
"Fuera de lugar",81747060,"https://www.netflix.com/watch/81747060",
"Fullmetal Alchemist: Brotherhood",70204981,"https://www.netflix.com/watch/70204981",
"Game Over, Man!",80169617,"https://www.netflix.com/watch/80169617",
"Gangubai Kathiawadi",81280352,"https://www.netflix.com/watch/81280352",
"Generación Marte",80117263,"https://www.netflix.com/watch/80117263",
"Glass Onion: Un misterio de Knives Out",81458416,"https://www.netflix.com/watch/81458416",
"GODZILLA Punto singular",80234811,"https://www.netflix.com/watch/80234811",
"Good Morning Call",80092878,"https://www.netflix.com/watch/80092878",
"Granizo",81073970,"https://www.netflix.com/watch/81073970",
"Hazme el favor",81659034,"https://www.netflix.com/watch/81659034",
"Héroes modestos: Teatro de cortometrajes de Ponoc",81143068,"https://www.netflix.com/watch/81143068",
"Hi Score Girl",80997338,"https://www.netflix.com/watch/80997338",
"Hibana: Spark",80095626,"https://www.netflix.com/watch/80095626",
"Hilda",80115346,"https://www.netflix.com/watch/80115346",
"Historia: Nivel 1",81116168,"https://www.netflix.com/watch/81116168",
"Hogar a la deriva",81328781,"https://www.netflix.com/watch/81328781",
"Holo, mi amor",81008021,"https://www.netflix.com/watch/81008021",
"HOMUNCULUS",81179841,"https://www.netflix.com/watch/81179841",
"Hot Girls Wanted",80038162,"https://www.netflix.com/watch/80038162",
"How to Sell Drugs Online (Fast)",80218448,"https://www.netflix.com/watch/80218448",
"I Am Mother",80227090,"https://www.netflix.com/watch/80227090",
"Identidad desbloqueada",81640988,"https://www.netflix.com/watch/81640988",
"In/feliz por ti",81901875,"https://www.netflix.com/watch/81901875",
"Indiana Jones y el reino de la calavera de cristal",70084799,"https://www.netflix.com/watch/70084799",
"Inexpertos",81715819,"https://www.netflix.com/watch/81715819",
"Interestelar",70305903,"https://www.netflix.com/watch/70305903",1
"IO",80134721,"https://www.netflix.com/watch/80134721",
"Itaewon Class",81193309,"https://www.netflix.com/watch/81193309",
"Jab Harry Met Sejal",80206847,"https://www.netflix.com/watch/80206847",
"John Wick 4",81489835,"https://www.netflix.com/watch/81489835",
"Juicio al diablo",81487924,"https://www.netflix.com/watch/81487924",
"Jujutsu Kaisen",81278456,"https://www.netflix.com/watch/81278456",
"Ken Jeong: Me completas, Ho",80244853,"https://www.netflix.com/watch/80244853",
"King the Land",81671440,"https://www.netflix.com/watch/81671440",
"Kingdom",80180171,"https://www.netflix.com/watch/80180171",
"Komi-san no puede comunicarse",81228573,"https://www.netflix.com/watch/81228573",
"La Academia del Sr. Kleks",81399299,"https://www.netflix.com/watch/81399299",
"La cantina de medianoche",80113541,"https://www.netflix.com/watch/80113541",
"La casa",81178338,"https://www.netflix.com/watch/81178338",
"La casa de los abuelos",81282019,"https://www.netflix.com/watch/81282019",
"La casa de papel: Corea",80997343,"https://www.netflix.com/watch/80997343",
"La conferencia",81517749,"https://www.netflix.com/watch/81517749",
"La gran inundación",81318108,"https://www.netflix.com/watch/81318108",
"La herencia del tío",81500431,"https://www.netflix.com/watch/81500431",
"La mente, en pocas palabras",81098586,"https://www.netflix.com/watch/81098586",
"La noche del demonio",70142542,"https://www.netflix.com/watch/70142542",
"La noche del demonio: Capítulo 2",70271486,"https://www.netflix.com/watch/70271486",
"La noche del demonio: Capítulo 3",80028439,"https://www.netflix.com/watch/80028439",
"La otra Missy",81033865,"https://www.netflix.com/watch/81033865",
"La Palma",81640070,"https://www.netflix.com/watch/81640070",
"La paradoja del asesino",81607354,"https://www.netflix.com/watch/81607354",
"La peor semana",80183328,"https://www.netflix.com/watch/80183328",
"La sociedad de los talentos muertos",81987312,"https://www.netflix.com/watch/81987312",
"La venganza del soldado: Versión extendida",81493411,"https://www.netflix.com/watch/81493411",
"La vida fabulosa",81406881,"https://www.netflix.com/watch/81406881",
"Lamborghini: The Man Behind the Legend",81651129,"https://www.netflix.com/watch/81651129",
"Lejos",80214512,"https://www.netflix.com/watch/80214512",
"Llegando a ti",80236253,"https://www.netflix.com/watch/80236253",
"Lo que vi",80195378,"https://www.netflix.com/watch/80195378",
"Loco y estúpido amor",70167068,"https://www.netflix.com/watch/70167068",
"Los chicos del bádminton",81443941,"https://www.netflix.com/watch/81443941",
"Los días",81233755,"https://www.netflix.com/watch/81233755",
"Los gringo hunters",81645267,"https://www.netflix.com/watch/81645267",
"Los ilusionistas: Nada es lo que parece",70243464,"https://www.netflix.com/watch/70243464",
"Los juegos del hambre",70206672,"https://www.netflix.com/watch/70206672",
"Los locos Addams II",217303,"https://www.netflix.com/watch/217303",
"Luces, cámara, ¡amor!",81720593,"https://www.netflix.com/watch/81720593",
"Machos alfa",81559021,"https://www.netflix.com/watch/81559021",
"Malevolent",80242081,"https://www.netflix.com/watch/80242081",
"Man to Man",80176866,"https://www.netflix.com/watch/80176866",
"Mañana",81503460,"https://www.netflix.com/watch/81503460",
"Manifiesto",80241318,"https://www.netflix.com/watch/80241318",
"Manual para residentes",81739042,"https://www.netflix.com/watch/81739042",
"Manual para señoritas",81699152,"https://www.netflix.com/watch/81699152",
"Martes de terror extremo",81665508,"https://www.netflix.com/watch/81665508",
"Mary and The Witch's Flower",80217130,"https://www.netflix.com/watch/80217130",
"Megamente",70120612,"https://www.netflix.com/watch/70120612",
"Mejores que nosotros",81026915,"https://www.netflix.com/watch/81026915",
"Mi adorable demonio",81716080,"https://www.netflix.com/watch/81716080",
"Mi boda con un fantasma",81689962,"https://www.netflix.com/watch/81689962",
"Mi primer mandado",81506279,"https://www.netflix.com/watch/81506279",
"Mi tío es de otro mundo",81499847,"https://www.netflix.com/watch/81499847",
"Minimalismo: Menos es más",81074662,"https://www.netflix.com/watch/81074662",
"Minions: Nace un villano",81198916,"https://www.netflix.com/watch/81198916",
"Miraculous: Las aventuras de Ladybug",80164216,"https://www.netflix.com/watch/80164216",
"Misa de medianoche",81083626,"https://www.netflix.com/watch/81083626",
"Misterio a la vista",81212842,"https://www.netflix.com/watch/81212842",
"Mononoke",80169676,"https://www.netflix.com/watch/80169676",
"Mononoke II: Las cenizas de la ira",81580575,"https://www.netflix.com/watch/81580575",
"Mononoke: El fantasma bajo la lluvia",81580574,"https://www.netflix.com/watch/81580574",
"Mundos alienígenas",80221410,"https://www.netflix.com/watch/80221410",
"Muñeca rusa",80211627,"https://www.netflix.com/watch/80211627",
"My Boo",81908841,"https://www.netflix.com/watch/81908841",
"My Runway",80154689,"https://www.netflix.com/watch/80154689",
"Nada es privado",80117542,"https://www.netflix.com/watch/80117542",
"Nam-soon, una chica superfuerte",81697981,"https://www.netflix.com/watch/81697981",
"Narcosantos",81343748,"https://www.netflix.com/watch/81343748",
"Nimona",81444554,"https://www.netflix.com/watch/81444554",
"No confíes en nadie: Tras la pista del rey de las criptomonedas",81349029,"https://www.netflix.com/watch/81349029",
"Oats Studios",81483047,"https://www.netflix.com/watch/81483047",
"Ocultos por la Luna",80231903,"https://www.netflix.com/watch/80231903",
"One-Punch Man",80117291,"https://www.netflix.com/watch/80117291",
"Operación casino",80166315,"https://www.netflix.com/watch/80166315",
"Oppenheimer",81602830,"https://www.netflix.com/watch/81602830",
"Otra vida",80236236,"https://www.netflix.com/watch/80236236",
"Otro día para matar",80013762,"https://www.netflix.com/watch/80013762",
"Ouran High School Host Club",70205014,"https://www.netflix.com/watch/70205014",
"Ovnis: Proyectos de alto secreto desclasificados",81018709,"https://www.netflix.com/watch/81018709",
"Palabras que burbujean como un refresco",81400497,"https://www.netflix.com/watch/81400497",
"Pandora",80158577,"https://www.netflix.com/watch/80158577",
"Panteón",81937398,"https://www.netflix.com/watch/81937398",
"Papás a la antigua",81674327,"https://www.netflix.com/watch/81674327",
"Paradise",81288179,"https://www.netflix.com/watch/81288179",
"Parasyte: Los grises",81194158,"https://www.netflix.com/watch/81194158",
"Pasajero inesperado",81321986,"https://www.netflix.com/watch/81321986",
"Peaky Blinders",80002479,"https://www.netflix.com/watch/80002479",
"Pepsi, ¿dónde está mi avión?",81446626,"https://www.netflix.com/watch/81446626",
"Pequeña gran vida",80192836,"https://www.netflix.com/watch/80192836",
"Perdidos en el espacio",80104198,"https://www.netflix.com/watch/80104198",
"Pesadillas y ensoñaciones de Joko Anwar",81582069,"https://www.netflix.com/watch/81582069",
"Playlist",81186296,"https://www.netflix.com/watch/81186296",
"Polos opuestos",80220079,"https://www.netflix.com/watch/80220079",
"Poong, el psiquiatra de la dinastía Joseon",81618684,"https://www.netflix.com/watch/81618684",
"Porque esta es mi primera vida",81167119,"https://www.netflix.com/watch/81167119",
"Prison Playbook",80214406,"https://www.netflix.com/watch/80214406",
"Psychokinesis",80226424,"https://www.netflix.com/watch/80226424",
"Puerta al verano",81517003,"https://www.netflix.com/watch/81517003",
"Q-Force",81039557,"https://www.netflix.com/watch/81039557",
"Quien a hierro mata",80997602,"https://www.netflix.com/watch/80997602",
"Quizás para siempre",80202874,"https://www.netflix.com/watch/80202874",
"Raël: El profeta de los extraterrestres",81330942,"https://www.netflix.com/watch/81330942",
"Reality Z",81003028,"https://www.netflix.com/watch/81003028",
"Robot 7723",80988892,"https://www.netflix.com/watch/80988892",
"Rompan todo: La historia del rock en América Latina",81006953,"https://www.netflix.com/watch/81006953",
"Roohi",81267359,"https://www.netflix.com/watch/81267359",
"Rotten",80146284,"https://www.netflix.com/watch/80146284",
"Sakamoto Days",81663325,"https://www.netflix.com/watch/81663325",
"Samurái de ojos azules",81144203,"https://www.netflix.com/watch/81144203",
"Scissor Seven",81156880,"https://www.netflix.com/watch/81156880",
"Scott Pilgrim vs. los ex de la chica de sus sueños",70117312,"https://www.netflix.com/watch/70117312",1
"Secrets in the Hot Spring",81034612,"https://www.netflix.com/watch/81034612",
"Señor Reina",81422314,"https://www.netflix.com/watch/81422314",
"Shiny Flakes: El cibernarco adolescente",81207826,"https://www.netflix.com/watch/81207826",
"Si las estrellas hablaran",81970550,"https://www.netflix.com/watch/81970550",
"Si supieras",81005150,"https://www.netflix.com/watch/81005150",
"Sierra Burgess es una loser",80239639,"https://www.netflix.com/watch/80239639",
"Snowden",80064514,"https://www.netflix.com/watch/80064514",1
"Snowpiercer",80177458,"https://www.netflix.com/watch/80177458",
"Sofía Niño de Rivera: Selección Natural",80183197,"https://www.netflix.com/watch/80183197",
"Somos lo que comemos: Un experimento con gemelos",81133260,"https://www.netflix.com/watch/81133260",
"SPY×FAMILY",81511410,"https://www.netflix.com/watch/81511410",1
"Start-Up",81290293,"https://www.netflix.com/watch/81290293",
"Street Food: Asia",80244996,"https://www.netflix.com/watch/80244996",
"Strongest Deliveryman",80211787,"https://www.netflix.com/watch/80211787",
"Su vida privada",81205812,"https://www.netflix.com/watch/81205812",
"Sumala",81971171,"https://www.netflix.com/watch/81971171",
"Suzume",81696498,"https://www.netflix.com/watch/81696498",1
"Sweet Bobby: La pesadilla de una identidad falsa",81591286,"https://www.netflix.com/watch/81591286",
"TAU",80217569,"https://www.netflix.com/watch/80217569",
"Taxi",70002005,"https://www.netflix.com/watch/70002005",
"Taxi Driver",18907685,"https://www.netflix.com/watch/18907685",
"Tenemos un fantasma",80230619,"https://www.netflix.com/watch/80230619",
"Terminator Zero",81217220,"https://www.netflix.com/watch/81217220",1
"The 8 Show",81719583,"https://www.netflix.com/watch/81719583",
"The Bros",80226233,"https://www.netflix.com/watch/80226233",
"The Chase",80226357,"https://www.netflix.com/watch/80226357",
"The Dirt",80169469,"https://www.netflix.com/watch/80169469",
"The Discovery",80115857,"https://www.netflix.com/watch/80115857",
"The Drug King",80236133,"https://www.netflix.com/watch/80236133",
"The Family",80063867,"https://www.netflix.com/watch/80063867",
"The Midnight Gospel",80987903,"https://www.netflix.com/watch/80987903",
"The Naked Gun: From the Files of Police Squad!",60001807,"https://www.netflix.com/watch/60001807",1
"The Office (EE. UU.)",70136120,"https://www.netflix.com/watch/70136120",
"The Rain",80154610,"https://www.netflix.com/watch/80154610",
"The Sound of Your Heart",80155793,"https://www.netflix.com/watch/80155793",
"The Sound of Your Heart: Reiniciar",81029884,"https://www.netflix.com/watch/81029884",1
"Thermae Romae Novae",81264354,"https://www.netflix.com/watch/81264354",
"Todo lo que sería Lucas Lauriente",80191990,"https://www.netflix.com/watch/80191990",
"Tony Robbins: A Date With Destiny",80102204,"https://www.netflix.com/watch/80102204",
"Ugly Delicious",80170368,"https://www.netflix.com/watch/80170368",
"Un amor loco",81430301,"https://www.netflix.com/watch/81430301",
"Un caso incurable de amor",81423569,"https://www.netflix.com/watch/81423569",
"Un héroe débil",81742615,"https://www.netflix.com/watch/81742615",
"Un hombre infiltrado",81677257,"https://www.netflix.com/watch/81677257",
"Un negocio virtuoso",81787644,"https://www.netflix.com/watch/81787644",
"Una dosis diaria de sol",81572595,"https://www.netflix.com/watch/81572595",
"Una familia atípica",81773839,"https://www.netflix.com/watch/81773839",
"Una pareja explosiva 2",60020801,"https://www.netflix.com/watch/60020801",1
"Unbreakable Kimmy Schmidt",80025384,"https://www.netflix.com/watch/80025384",
"Urgencias existenciales",81697985,"https://www.netflix.com/watch/81697985",
"Ustedes",81194505,"https://www.netflix.com/watch/81194505",
"Valeria",80212986,"https://www.netflix.com/watch/80212986",
"Vanilla Sky",60021786,"https://www.netflix.com/watch/60021786",
"Veinticinco, veintiuno",81517168,"https://www.netflix.com/watch/81517168",
"Vincenzo",81365087,"https://www.netflix.com/watch/81365087",
"Wonderland",81290298,"https://www.netflix.com/watch/81290298",
"Woo, una abogada extraordinaria",81518991,"https://www.netflix.com/watch/81518991",1
"XOXO: La fiesta interminable",80057691,"https://www.netflix.com/watch/80057691",
"Yo estuve aquí",81477746,"https://www.netflix.com/watch/81477746",
"You",80211991,"https://www.netflix.com/watch/80211991",
"Your lie in April",80041089,"https://www.netflix.com/watch/80041089",
"Zom 100: Bucket List of the Dead",81680101,"https://www.netflix.com/watch/81680101",1
"Zom 100: Cien cosas que quiero hacer antes de convertirme en zombi",81464329,"https://www.netflix.com/watch/81464329",